-- phpMyAdmin SQL Dump
-- version 4.7.4
-- https://www.phpmyadmin.net/
--
-- Servidor: 127.0.0.1
-- Tiempo de generación: 17-04-2018 a las 14:44:18
-- Versión del servidor: 10.1.26-MariaDB
-- Versión de PHP: 7.1.9

SET SQL_MODE = "NO_AUTO_VALUE_ON_ZERO";
SET AUTOCOMMIT = 0;
START TRANSACTION;
SET time_zone = "+00:00";


/*!40101 SET @OLD_CHARACTER_SET_CLIENT=@@CHARACTER_SET_CLIENT */;
/*!40101 SET @OLD_CHARACTER_SET_RESULTS=@@CHARACTER_SET_RESULTS */;
/*!40101 SET @OLD_COLLATION_CONNECTION=@@COLLATION_CONNECTION */;
/*!40101 SET NAMES utf8mb4 */;

--
-- Base de datos: `vymic`
--

-- --------------------------------------------------------

--
-- Estructura de tabla para la tabla `cat_asig`
--

CREATE TABLE `cat_asig` (
  `id` int(11) NOT NULL,
  `asignacion` varchar(70) NOT NULL,
  `sex` char(1) NOT NULL
) ENGINE=InnoDB DEFAULT CHARSET=utf8;

--
-- Volcado de datos para la tabla `cat_asig`
--

INSERT INTO `cat_asig` (`id`, `asignacion`, `sex`) VALUES
(1, 'Tesoros', 't'),
(2, 'Perlas Escondidas', 't'),
(3, 'Lectura de la Biblia', 't'),
(4, 'Video de la primera conversacion', 't'),
(5, 'Primera revisita', 't'),
(6, 'Curso b?blico', 't'),
(7, 'Segunda revisita', 't'),
(8, 'Tercera revisita', 't'),
(9, 'Primera Conversación', 't'),
(10, 'Revisita', 't'),
(11, 'Discurso', 't'),
(12, 'Presentaciones', 't'),
(13, 'Video de la segunda revisita', 't'),
(14, 'Presidente', 't'),
(15, 'Seamos mejores maestros', 't'),
(16, 'Nuestra Vida Cristiana', 't'),
(17, 'Video de la primera revisita', 't');

-- --------------------------------------------------------

--
-- Estructura de tabla para la tabla `cat_estudi`
--

CREATE TABLE `cat_estudi` (
  `id` int(11) NOT NULL,
  `num` int(11) NOT NULL,
  `estudio` varchar(200) COLLATE utf8_swedish_ci NOT NULL
) ENGINE=InnoDB DEFAULT CHARSET=utf8 COLLATE=utf8_swedish_ci;

--
-- Volcado de datos para la tabla `cat_estudi`
--

INSERT INTO `cat_estudi` (`id`, `num`, `estudio`) VALUES
(1, 1, 'Estudio 1'),
(2, 2, 'Estudio 2'),
(3, 3, 'Estudio 3'),
(4, 4, 'Estudio 4'),
(5, 5, 'Estudio 5'),
(6, 6, 'Estudio 6'),
(7, 7, 'Estudio 7'),
(8, 8, 'Estudio 8'),
(9, 9, 'Estudio 9'),
(10, 10, 'Estudio 10'),
(11, 11, 'Estudio 11'),
(12, 12, 'Estudio 12'),
(13, 13, 'Estudio 13'),
(14, 14, 'Estudio 14'),
(15, 15, 'Estudio 15'),
(16, 16, 'Estudio 16'),
(17, 17, 'Estudio 17'),
(18, 18, 'Estudio 18'),
(19, 19, 'Estudio 19'),
(20, 20, 'Estudio 20'),
(21, 21, 'Estudio 21'),
(22, 22, 'Estudio 22'),
(23, 23, 'Estudio 23'),
(24, 24, 'Estudio 24'),
(25, 25, 'Estudio 25'),
(26, 26, 'Estudio 26'),
(27, 27, 'Estudio 27'),
(28, 28, 'Estudio 28'),
(29, 29, 'Estudio 29'),
(30, 30, 'Estudio 30'),
(31, 31, 'Estudio 31'),
(32, 32, 'Estudio 32'),
(33, 33, 'Estudio 33'),
(34, 34, 'Estudio 34'),
(35, 35, 'Estudio 35'),
(36, 36, 'Estudio 36'),
(37, 37, 'Estudio 37'),
(38, 38, 'Estudio 38'),
(39, 39, 'Estudio 39'),
(40, 40, 'Estudio 40'),
(41, 41, 'Estudio 41'),
(42, 42, 'Estudio 42'),
(43, 43, 'Estudio 43'),
(44, 44, 'Estudio 44'),
(45, 45, 'Estudio 45'),
(46, 46, 'Estudio 46'),
(47, 47, 'Estudio 47'),
(48, 48, 'Estudio 48'),
(49, 49, 'Estudio 49'),
(50, 50, 'Estudio 50'),
(51, 51, 'Estudio 51'),
(52, 52, 'Estudio 52'),
(53, 53, 'Estudio 53');

-- --------------------------------------------------------

--
-- Estructura de tabla para la tabla `cat_pubs`
--

CREATE TABLE `cat_pubs` (
  `id` int(11) NOT NULL,
  `pub` varchar(150) COLLATE utf8_swedish_ci NOT NULL,
  `sex` char(1) COLLATE utf8_swedish_ci NOT NULL,
  `rel` int(11) NOT NULL,
  `fa` datetime NOT NULL,
  `fb` datetime NOT NULL
) ENGINE=InnoDB DEFAULT CHARSET=utf8 COLLATE=utf8_swedish_ci;

--
-- Volcado de datos para la tabla `cat_pubs`
--

INSERT INTO `cat_pubs` (`id`, `pub`, `sex`, `rel`, `fa`, `fb`) VALUES
(1, 'Abigail de Arellano', 'm', 19, '2018-04-15 00:00:00', '2025-04-15 00:00:00'),
(2, 'Adela de Carrillo', 'm', 0, '2018-04-15 00:00:00', '2025-04-15 00:00:00'),
(3, 'Alejandra de Martinez', 'm', 0, '2018-04-15 00:00:00', '2025-04-15 00:00:00'),
(4, 'Andr?s V?zquez', 'h', 0, '2018-04-15 00:00:00', '2025-04-15 00:00:00'),
(5, 'Angel Gonzalez', 'h', 0, '2018-04-15 00:00:00', '2025-04-15 00:00:00'),
(6, 'Ang?lica De Luna', 'm', 0, '2018-04-15 00:00:00', '2025-04-15 00:00:00'),
(7, 'Antonia Gregorio', 'm', 0, '2018-04-15 00:00:00', '2025-04-15 00:00:00'),
(8, 'Areli de Armas', 'm', 0, '2018-04-15 00:00:00', '2025-04-15 00:00:00'),
(9, 'Artemio Cruz', 'h', 0, '2018-04-15 00:00:00', '2025-04-15 00:00:00'),
(10, 'Beatriz Saavedra', 'm', 0, '2018-04-15 00:00:00', '2025-04-15 00:00:00'),
(11, 'Brenda de Garcia', 'm', 0, '2018-04-15 00:00:00', '2025-04-15 00:00:00'),
(12, 'Carolina Carrillo', 'm', 0, '2018-04-15 00:00:00', '2025-04-15 00:00:00'),
(13, 'Cindy Armas', 'm', 0, '2018-04-15 00:00:00', '2025-04-15 00:00:00'),
(14, 'Clara Nava', 'm', 0, '2018-04-15 00:00:00', '2025-04-15 00:00:00'),
(15, 'Delfina de Silva', 'm', 0, '2018-04-15 00:00:00', '2025-04-15 00:00:00'),
(16, 'Dolores de Alvarado', 'm', 0, '2018-04-15 00:00:00', '2025-04-15 00:00:00'),
(17, 'Edgar Angeles', 'h', 0, '2018-04-15 00:00:00', '2025-04-15 00:00:00'),
(18, 'Eloisa', 'm', 0, '2018-04-15 00:00:00', '2025-04-15 00:00:00'),
(19, 'Emmanuel Arellano', 'h', 1, '2018-04-15 00:00:00', '2025-04-15 00:00:00'),
(20, 'Ericka de Rojas', 'm', 0, '2018-04-15 00:00:00', '2025-04-15 00:00:00'),
(21, 'Eunice de Silva', 'm', 0, '2018-04-15 00:00:00', '2025-04-15 00:00:00'),
(22, 'Felix Arellano', 'h', 0, '2018-04-15 00:00:00', '2025-04-15 00:00:00'),
(23, 'Fernando Martinez', 'h', 0, '2018-04-15 00:00:00', '2025-04-15 00:00:00'),
(24, 'Gabriel Desiderio', 'h', 0, '2018-04-15 00:00:00', '2025-04-15 00:00:00'),
(25, 'Gabriela Morales', 'm', 0, '2018-04-15 00:00:00', '2025-04-15 00:00:00'),
(26, 'Gamaliel Ortiz', 'h', 0, '2018-04-15 00:00:00', '2025-04-15 00:00:00'),
(27, 'Gertrudis de Alvarado', 'm', 0, '2018-04-15 00:00:00', '2025-04-15 00:00:00'),
(28, 'Griselda de Mart?nez', 'm', 0, '2018-04-15 00:00:00', '2025-04-15 00:00:00'),
(29, 'Guadalupe de Lozada', 'm', 0, '2018-04-15 00:00:00', '2025-04-15 00:00:00'),
(30, 'Hector Valencia', 'h', 0, '2018-04-15 00:00:00', '2025-04-15 00:00:00'),
(31, 'Idalia Vazquez', 'm', 0, '2018-04-15 00:00:00', '2025-04-15 00:00:00'),
(32, 'Isabel ?vila', 'm', 0, '2018-04-15 00:00:00', '2025-04-15 00:00:00'),
(33, 'Janet de Valencia', 'm', 0, '2018-04-15 00:00:00', '2025-04-15 00:00:00'),
(34, 'Jose Luis Silva', 'h', 0, '2018-04-15 00:00:00', '2025-04-15 00:00:00'),
(35, 'Josue Gonzalez', 'h', 0, '2018-04-15 00:00:00', '2025-04-15 00:00:00'),
(36, 'Jovita De Angeles', 'm', 0, '2018-04-15 00:00:00', '2025-04-15 00:00:00'),
(37, 'Juan Carlos Rodriguez', 'h', 0, '2018-04-15 00:00:00', '2025-04-15 00:00:00'),
(38, 'Julia de Perez', 'm', 0, '2018-04-15 00:00:00', '2025-04-15 00:00:00'),
(39, 'Julio Alvarado', 'h', 0, '2018-04-15 00:00:00', '2025-04-15 00:00:00'),
(40, 'Julio Garcia', 'h', 0, '2018-04-15 00:00:00', '2025-04-15 00:00:00'),
(41, 'Karla Carrillo', 'm', 0, '2018-04-15 00:00:00', '2025-04-15 00:00:00'),
(42, 'Kesia de Cardenas', 'm', 0, '2018-04-15 00:00:00', '2025-04-15 00:00:00'),
(43, 'Laurentina V?zquez', 'm', 0, '2018-04-15 00:00:00', '2025-04-15 00:00:00'),
(44, 'Leticia Armas', 'm', 0, '2018-04-15 00:00:00', '2025-04-15 00:00:00'),
(45, 'Leticia de Perez', 'm', 0, '2018-04-15 00:00:00', '2025-04-15 00:00:00'),
(46, 'Marcelina de Rodriguez', 'm', 0, '2018-04-15 00:00:00', '2025-04-15 00:00:00'),
(47, 'Maria Eugenia Mondragon', 'm', 0, '2018-04-15 00:00:00', '2025-04-15 00:00:00'),
(48, 'Mariano Alvarado', 'h', 0, '2018-04-15 00:00:00', '2025-04-15 00:00:00'),
(49, 'Maricela de Gonzalez', 'm', 0, '2018-04-15 00:00:00', '2025-04-15 00:00:00'),
(50, 'Martina de Rangel', 'm', 0, '2018-04-15 00:00:00', '2025-04-15 00:00:00'),
(51, 'Merar? Caballero', 'h', 0, '2018-04-15 00:00:00', '2025-04-15 00:00:00'),
(52, 'Miriam V?zquez', 'm', 0, '2018-04-15 00:00:00', '2025-04-15 00:00:00'),
(53, 'Natividad Madrigal', 'm', 0, '2018-04-15 00:00:00', '2025-04-15 00:00:00'),
(54, 'Nicol?s P?rez', 'h', 0, '2018-04-15 00:00:00', '2025-04-15 00:00:00'),
(55, 'Octavio Armas', 'h', 0, '2018-04-15 00:00:00', '2025-04-15 00:00:00'),
(56, 'Olga Coquis de Gonzalez', 'm', 0, '2018-04-15 00:00:00', '2025-04-15 00:00:00'),
(57, 'Paola de Garcia', 'm', 0, '2018-04-15 00:00:00', '2025-04-15 00:00:00'),
(58, 'Paulina Perez', 'm', 0, '2018-04-15 00:00:00', '2025-04-15 00:00:00'),
(59, 'Ponsiano Ram?rez', 'h', 0, '2018-04-15 00:00:00', '2025-04-15 00:00:00'),
(60, 'Rafael Garcia', 'h', 0, '2018-04-15 00:00:00', '2025-04-15 00:00:00'),
(61, 'Rene Gonz?lez', 'h', 0, '2018-04-15 00:00:00', '2025-04-15 00:00:00'),
(62, 'Roberto P?rez', 'h', 0, '2018-04-15 00:00:00', '2025-04-15 00:00:00'),
(63, 'Roberto Rangel', 'h', 0, '2018-04-15 00:00:00', '2025-04-15 00:00:00'),
(64, 'Rodrigo Luna', 'h', 0, '2018-04-15 00:00:00', '2025-04-15 00:00:00'),
(65, 'Rub?n ?ngeles', 'h', 0, '2018-04-15 00:00:00', '2025-04-15 00:00:00'),
(66, 'Ruperta de Morales', 'm', 0, '2018-04-15 00:00:00', '2025-04-15 00:00:00'),
(67, 'Samuel Cardenas', 'h', 0, '2018-04-15 00:00:00', '2025-04-15 00:00:00'),
(68, 'Sandra Nava', 'm', 0, '2018-04-15 00:00:00', '2025-04-15 00:00:00'),
(69, 'Sara Lozada De Paredes', 'm', 0, '2018-04-15 00:00:00', '2025-04-15 00:00:00'),
(70, 'Silvia Vazquez', 'm', 0, '2018-04-15 00:00:00', '2025-04-15 00:00:00'),
(71, 'Susana Cordoba de Perez', 'm', 0, '2018-04-15 00:00:00', '2025-04-15 00:00:00'),
(72, 'Susana de Caballero', 'm', 0, '2018-04-15 00:00:00', '2025-04-15 00:00:00'),
(73, 'Virginia Duran', 'm', 0, '2018-04-15 00:00:00', '2025-04-15 00:00:00'),
(74, 'Yolanda Juarez', 'm', 0, '2018-04-15 00:00:00', '2025-04-15 00:00:00'),
(75, 'Yolanda Nava', 'm', 0, '2018-04-15 00:00:00', '2025-04-15 00:00:00');

-- --------------------------------------------------------

--
-- Estructura de tabla para la tabla `cat_sem`
--

CREATE TABLE `cat_sem` (
  `id` int(11) NOT NULL,
  `semana` varchar(150) COLLATE utf8_swedish_ci NOT NULL,
  `fec_ini` date NOT NULL,
  `fec_fin` date NOT NULL
) ENGINE=InnoDB DEFAULT CHARSET=utf8 COLLATE=utf8_swedish_ci;

--
-- Volcado de datos para la tabla `cat_sem`
--

INSERT INTO `cat_sem` (`id`, `semana`, `fec_ini`, `fec_fin`) VALUES
(1, 'Semana del 04/09/2017 al 10/09/2017', '2017-09-04', '2017-09-10'),
(2, 'Semana del 11/09/2017 al 17/09/2017', '2017-09-11', '2017-09-17'),
(3, 'Semana del 18/09/2017 al 24/09/2017', '2017-09-18', '2017-09-24'),
(4, 'Semana del 25/09/2017 al 01/10/2017', '2017-09-25', '2017-10-01'),
(5, 'Semana del 02/10/2017 al 08/10/2017', '2017-10-02', '2017-10-08'),
(6, 'Semana del 09/10/2017 al 15/10/2017', '2017-10-09', '2017-10-15'),
(7, 'Semana del 16/10/2017 al 22/10/2017', '2017-10-16', '2017-10-22'),
(8, 'Semana del 23/10/2017 al 29/10/2017', '2017-10-23', '2017-10-29'),
(9, 'Semana del 30/10/2017 al 05/11/2017', '2017-10-30', '2017-11-05'),
(10, 'Semana del 06/11/2017 al 12/11/2017', '2017-11-06', '2017-11-12'),
(11, 'Semana del 13/11/2017 al 19/11/2017', '2017-11-13', '2017-11-19'),
(12, 'Semana del 20/11/2017 al 26/11/2017', '2017-11-20', '2017-11-26'),
(13, 'Semana del 27/11/2017 al 03/12/2017', '2017-11-27', '2017-12-03'),
(14, 'Semana del 04/12/2017 al 10/12/2017', '2017-12-04', '2017-12-10'),
(15, 'Semana del 11/12/2017 al 17/12/2017', '2017-12-11', '2017-12-17'),
(16, 'Semana del 18/12/2017 al 24/12/2017', '2017-12-18', '2017-12-24'),
(17, 'Semana del 25/12/2017 al 31/12/2017', '2017-12-25', '2017-12-31'),
(18, 'Semana del 01/01/2018 al 07/01/2018', '2018-01-01', '2018-01-07'),
(19, 'Semana del 08/01/2018 al 14/01/2018', '2018-01-08', '2018-01-14'),
(20, 'Semana del 15/01/2018 al 21/01/2018', '2018-01-15', '2018-01-21'),
(21, 'Semana del 22/01/2018 al 28/01/2018', '2018-01-22', '2018-01-28'),
(22, 'Semana del 29/01/2018 al 04/02/2018', '2018-01-29', '2018-02-04'),
(23, 'Semana del 05/02/2018 al 11/02/2018', '2018-02-05', '2018-02-11'),
(24, 'Semana del 12/02/2018 al 18/02/2018', '2018-02-12', '2018-02-18'),
(25, 'Semana del 19/02/2018 al 25/02/2018', '2018-02-19', '2018-02-25'),
(26, 'Semana del 26/02/2018 al 04/03/2018', '2018-02-26', '2018-03-04'),
(27, 'Semana del 05/03/2018 al 11/03/2018', '2018-03-05', '2018-03-11'),
(28, 'Semana del 12/03/2018 al 18/03/2018', '2018-03-12', '2018-03-18'),
(29, 'Semana del 19/03/2018 al 25/03/2018', '2018-03-19', '2018-03-25'),
(30, 'Semana del 26/03/2018 al 01/04/2018', '2018-03-26', '2018-04-01'),
(31, 'Semana del 02/04/2018 al 08/04/2018', '2018-04-02', '2018-04-08'),
(32, 'Semana del 09/04/2018 al 15/04/2018', '2018-04-09', '2018-04-15'),
(33, 'Semana del 16/04/2018 al 22/04/2018', '2018-04-16', '2018-04-22'),
(34, 'Semana del 23/04/2018 al 29/04/2018', '2018-04-23', '2018-04-29'),
(35, 'Semana del 30/04/2018 al 06/05/2018', '2018-04-30', '2018-05-06'),
(36, 'Semana del 07/05/2018 al 13/05/2018', '2018-05-07', '2018-05-13'),
(37, 'Semana del 14/05/2018 al 20/05/2018', '2018-05-14', '2018-05-20'),
(38, 'Semana del 21/05/2018 al 27/05/2018', '2018-05-21', '2018-05-27'),
(39, 'Semana del 28/05/2018 al 03/06/2018', '2018-05-28', '2018-06-03'),
(40, 'Semana del 04/06/2018 al 10/06/2018', '2018-06-04', '2018-06-10'),
(41, 'Semana del 11/06/2018 al 17/06/2018', '2018-06-11', '2018-06-17'),
(42, 'Semana del 18/06/2018 al 24/06/2018', '2018-06-18', '2018-06-24'),
(43, 'Semana del 25/06/2018 al 01/07/2018', '2018-06-25', '2018-07-01'),
(44, 'Semana del 02/07/2018 al 08/07/2018', '2018-07-02', '2018-07-08'),
(45, 'Semana del 09/07/2018 al 15/07/2018', '2018-07-09', '2018-07-15'),
(46, 'Semana del 16/07/2018 al 22/07/2018', '2018-07-16', '2018-07-22'),
(47, 'Semana del 23/07/2018 al 29/07/2018', '2018-07-23', '2018-07-29'),
(48, 'Semana del 30/07/2018 al 05/08/2018', '2018-07-30', '2018-08-05'),
(49, 'Semana del 06/08/2018 al 12/08/2018', '2018-08-06', '2018-08-12'),
(50, 'Semana del 13/08/2018 al 19/08/2018', '2018-08-13', '2018-08-19'),
(51, 'Semana del 20/08/2018 al 26/08/2018', '2018-08-20', '2018-08-26'),
(52, 'Semana del 27/08/2018 al 02/09/2018', '2018-08-27', '2018-09-02'),
(53, 'Semana del 03/09/2018 al 09/09/2018', '2018-09-03', '2018-09-09'),
(54, 'Semana del 10/09/2018 al 16/09/2018', '2018-09-10', '2018-09-16'),
(55, 'Semana del 17/09/2018 al 23/09/2018', '2018-09-17', '2018-09-23'),
(56, 'Semana del 24/09/2018 al 30/09/2018', '2018-09-24', '2018-09-30'),
(57, 'Semana del 01/10/2018 al 07/10/2018', '2018-10-01', '2018-10-07'),
(58, 'Semana del 08/10/2018 al 14/10/2018', '2018-10-08', '2018-10-14'),
(59, 'Semana del 15/10/2018 al 21/10/2018', '2018-10-15', '2018-10-21'),
(60, 'Semana del 22/10/2018 al 28/10/2018', '2018-10-22', '2018-10-28'),
(61, 'Semana del 29/10/2018 al 04/11/2018', '2018-10-29', '2018-11-04'),
(62, 'Semana del 05/11/2018 al 11/11/2018', '2018-11-05', '2018-11-11'),
(63, 'Semana del 12/11/2018 al 18/11/2018', '2018-11-12', '2018-11-18'),
(64, 'Semana del 19/11/2018 al 25/11/2018', '2018-11-19', '2018-11-25'),
(65, 'Semana del 26/11/2018 al 02/12/2018', '2018-11-26', '2018-12-02'),
(66, 'Semana del 03/12/2018 al 09/12/2018', '2018-12-03', '2018-12-09'),
(67, 'Semana del 10/12/2018 al 16/12/2018', '2018-12-10', '2018-12-16'),
(68, 'Semana del 17/12/2018 al 23/12/2018', '2018-12-17', '2018-12-23'),
(69, 'Semana del 24/12/2018 al 30/12/2018', '2018-12-24', '2018-12-30'),
(70, 'Semana del 31/12/2018 al 06/01/2019', '2018-12-31', '2019-01-06'),
(71, 'Semana del 07/01/2019 al 13/01/2019', '2019-01-07', '2019-01-13'),
(72, 'Semana del 14/01/2019 al 20/01/2019', '2019-01-14', '2019-01-20'),
(73, 'Semana del 21/01/2019 al 27/01/2019', '2019-01-21', '2019-01-27'),
(74, 'Semana del 28/01/2019 al 03/02/2019', '2019-01-28', '2019-02-03'),
(75, 'Semana del 04/02/2019 al 10/02/2019', '2019-02-04', '2019-02-10'),
(76, 'Semana del 11/02/2019 al 17/02/2019', '2019-02-11', '2019-02-17'),
(77, 'Semana del 18/02/2019 al 24/02/2019', '2019-02-18', '2019-02-24'),
(78, 'Semana del 25/02/2019 al 03/03/2019', '2019-02-25', '2019-03-03'),
(79, 'Semana del 04/03/2019 al 10/03/2019', '2019-03-04', '2019-03-10'),
(80, 'Semana del 11/03/2019 al 17/03/2019', '2019-03-11', '2019-03-17'),
(81, 'Semana del 18/03/2019 al 24/03/2019', '2019-03-18', '2019-03-24'),
(82, 'Semana del 25/03/2019 al 31/03/2019', '2019-03-25', '2019-03-31'),
(83, 'Semana del 01/04/2019 al 07/04/2019', '2019-04-01', '2019-04-07'),
(84, 'Semana del 08/04/2019 al 14/04/2019', '2019-04-08', '2019-04-14'),
(85, 'Semana del 15/04/2019 al 21/04/2019', '2019-04-15', '2019-04-21'),
(86, 'Semana del 22/04/2019 al 28/04/2019', '2019-04-22', '2019-04-28'),
(87, 'Semana del 29/04/2019 al 05/05/2019', '2019-04-29', '2019-05-05'),
(88, 'Semana del 06/05/2019 al 12/05/2019', '2019-05-06', '2019-05-12'),
(89, 'Semana del 13/05/2019 al 19/05/2019', '2019-05-13', '2019-05-19'),
(90, 'Semana del 20/05/2019 al 26/05/2019', '2019-05-20', '2019-05-26'),
(91, 'Semana del 27/05/2019 al 02/06/2019', '2019-05-27', '2019-06-02'),
(92, 'Semana del 03/06/2019 al 09/06/2019', '2019-06-03', '2019-06-09'),
(93, 'Semana del 10/06/2019 al 16/06/2019', '2019-06-10', '2019-06-16'),
(94, 'Semana del 17/06/2019 al 23/06/2019', '2019-06-17', '2019-06-23'),
(95, 'Semana del 24/06/2019 al 30/06/2019', '2019-06-24', '2019-06-30'),
(96, 'Semana del 01/07/2019 al 07/07/2019', '2019-07-01', '2019-07-07'),
(97, 'Semana del 08/07/2019 al 14/07/2019', '2019-07-08', '2019-07-14'),
(98, 'Semana del 15/07/2019 al 21/07/2019', '2019-07-15', '2019-07-21'),
(99, 'Semana del 22/07/2019 al 28/07/2019', '2019-07-22', '2019-07-28'),
(100, 'Semana del 29/07/2019 al 04/08/2019', '2019-07-29', '2019-08-04'),
(101, 'Semana del 05/08/2019 al 11/08/2019', '2019-08-05', '2019-08-11'),
(102, 'Semana del 12/08/2019 al 18/08/2019', '2019-08-12', '2019-08-18'),
(103, 'Semana del 19/08/2019 al 25/08/2019', '2019-08-19', '2019-08-25'),
(104, 'Semana del 26/08/2019 al 01/09/2019', '2019-08-26', '2019-09-01'),
(105, 'Semana del 02/09/2019 al 08/09/2019', '2019-09-02', '2019-09-08'),
(106, 'Semana del 09/09/2019 al 15/09/2019', '2019-09-09', '2019-09-15'),
(107, 'Semana del 16/09/2019 al 22/09/2019', '2019-09-16', '2019-09-22'),
(108, 'Semana del 23/09/2019 al 29/09/2019', '2019-09-23', '2019-09-29'),
(109, 'Semana del 30/09/2019 al 06/10/2019', '2019-09-30', '2019-10-06'),
(110, 'Semana del 07/10/2019 al 13/10/2019', '2019-10-07', '2019-10-13'),
(111, 'Semana del 14/10/2019 al 20/10/2019', '2019-10-14', '2019-10-20'),
(112, 'Semana del 21/10/2019 al 27/10/2019', '2019-10-21', '2019-10-27'),
(113, 'Semana del 28/10/2019 al 03/11/2019', '2019-10-28', '2019-11-03'),
(114, 'Semana del 04/11/2019 al 10/11/2019', '2019-11-04', '2019-11-10'),
(115, 'Semana del 11/11/2019 al 17/11/2019', '2019-11-11', '2019-11-17'),
(116, 'Semana del 18/11/2019 al 24/11/2019', '2019-11-18', '2019-11-24'),
(117, 'Semana del 25/11/2019 al 01/12/2019', '2019-11-25', '2019-12-01'),
(118, 'Semana del 02/12/2019 al 08/12/2019', '2019-12-02', '2019-12-08'),
(119, 'Semana del 09/12/2019 al 15/12/2019', '2019-12-09', '2019-12-15'),
(120, 'Semana del 16/12/2019 al 22/12/2019', '2019-12-16', '2019-12-22'),
(121, 'Semana del 23/12/2019 al 29/12/2019', '2019-12-23', '2019-12-29'),
(122, 'Semana del 30/12/2019 al 05/01/2020', '2019-12-30', '2020-01-05'),
(123, 'Semana del 06/01/2020 al 12/01/2020', '2020-01-06', '2020-01-12'),
(124, 'Semana del 13/01/2020 al 19/01/2020', '2020-01-13', '2020-01-19'),
(125, 'Semana del 20/01/2020 al 26/01/2020', '2020-01-20', '2020-01-26'),
(126, 'Semana del 27/01/2020 al 02/02/2020', '2020-01-27', '2020-02-02'),
(127, 'Semana del 03/02/2020 al 09/02/2020', '2020-02-03', '2020-02-09'),
(128, 'Semana del 10/02/2020 al 16/02/2020', '2020-02-10', '2020-02-16'),
(129, 'Semana del 17/02/2020 al 23/02/2020', '2020-02-17', '2020-02-23'),
(130, 'Semana del 24/02/2020 al 01/03/2020', '2020-02-24', '2020-03-01'),
(131, 'Semana del 02/03/2020 al 08/03/2020', '2020-03-02', '2020-03-08'),
(132, 'Semana del 09/03/2020 al 15/03/2020', '2020-03-09', '2020-03-15'),
(133, 'Semana del 16/03/2020 al 22/03/2020', '2020-03-16', '2020-03-22'),
(134, 'Semana del 23/03/2020 al 29/03/2020', '2020-03-23', '2020-03-29'),
(135, 'Semana del 30/03/2020 al 05/04/2020', '2020-03-30', '2020-04-05'),
(136, 'Semana del 06/04/2020 al 12/04/2020', '2020-04-06', '2020-04-12'),
(137, 'Semana del 13/04/2020 al 19/04/2020', '2020-04-13', '2020-04-19'),
(138, 'Semana del 20/04/2020 al 26/04/2020', '2020-04-20', '2020-04-26'),
(139, 'Semana del 27/04/2020 al 03/05/2020', '2020-04-27', '2020-05-03'),
(140, 'Semana del 04/05/2020 al 10/05/2020', '2020-05-04', '2020-05-10'),
(141, 'Semana del 11/05/2020 al 17/05/2020', '2020-05-11', '2020-05-17'),
(142, 'Semana del 18/05/2020 al 24/05/2020', '2020-05-18', '2020-05-24'),
(143, 'Semana del 25/05/2020 al 31/05/2020', '2020-05-25', '2020-05-31'),
(144, 'Semana del 01/06/2020 al 07/06/2020', '2020-06-01', '2020-06-07'),
(145, 'Semana del 08/06/2020 al 14/06/2020', '2020-06-08', '2020-06-14'),
(146, 'Semana del 15/06/2020 al 21/06/2020', '2020-06-15', '2020-06-21'),
(147, 'Semana del 22/06/2020 al 28/06/2020', '2020-06-22', '2020-06-28'),
(148, 'Semana del 29/06/2020 al 05/07/2020', '2020-06-29', '2020-07-05'),
(149, 'Semana del 06/07/2020 al 12/07/2020', '2020-07-06', '2020-07-12'),
(150, 'Semana del 13/07/2020 al 19/07/2020', '2020-07-13', '2020-07-19'),
(151, 'Semana del 20/07/2020 al 26/07/2020', '2020-07-20', '2020-07-26'),
(152, 'Semana del 27/07/2020 al 02/08/2020', '2020-07-27', '2020-08-02'),
(153, 'Semana del 03/08/2020 al 09/08/2020', '2020-08-03', '2020-08-09'),
(154, 'Semana del 10/08/2020 al 16/08/2020', '2020-08-10', '2020-08-16'),
(155, 'Semana del 17/08/2020 al 23/08/2020', '2020-08-17', '2020-08-23'),
(156, 'Semana del 24/08/2020 al 30/08/2020', '2020-08-24', '2020-08-30'),
(157, 'Semana del 31/08/2020 al 06/09/2020', '2020-08-31', '2020-09-06'),
(158, 'Semana del 07/09/2020 al 13/09/2020', '2020-09-07', '2020-09-13'),
(159, 'Semana del 14/09/2020 al 20/09/2020', '2020-09-14', '2020-09-20'),
(160, 'Semana del 21/09/2020 al 27/09/2020', '2020-09-21', '2020-09-27'),
(161, 'Semana del 28/09/2020 al 04/10/2020', '2020-09-28', '2020-10-04'),
(162, 'Semana del 05/10/2020 al 11/10/2020', '2020-10-05', '2020-10-11'),
(163, 'Semana del 12/10/2020 al 18/10/2020', '2020-10-12', '2020-10-18'),
(164, 'Semana del 19/10/2020 al 25/10/2020', '2020-10-19', '2020-10-25'),
(165, 'Semana del 26/10/2020 al 01/11/2020', '2020-10-26', '2020-11-01'),
(166, 'Semana del 02/11/2020 al 08/11/2020', '2020-11-02', '2020-11-08'),
(167, 'Semana del 09/11/2020 al 15/11/2020', '2020-11-09', '2020-11-15'),
(168, 'Semana del 16/11/2020 al 22/11/2020', '2020-11-16', '2020-11-22'),
(169, 'Semana del 23/11/2020 al 29/11/2020', '2020-11-23', '2020-11-29'),
(170, 'Semana del 30/11/2020 al 06/12/2020', '2020-11-30', '2020-12-06'),
(171, 'Semana del 07/12/2020 al 13/12/2020', '2020-12-07', '2020-12-13'),
(172, 'Semana del 14/12/2020 al 20/12/2020', '2020-12-14', '2020-12-20'),
(173, 'Semana del 21/12/2020 al 27/12/2020', '2020-12-21', '2020-12-27'),
(174, 'Semana del 28/12/2020 al 03/01/2021', '2020-12-28', '2021-01-03');

-- --------------------------------------------------------

--
-- Estructura Stand-in para la vista `cat_sem_view`
-- (Véase abajo para la vista actual)
--
CREATE TABLE `cat_sem_view` (
`id` int(11)
,`id_sem` varchar(6)
,`semana` varchar(150)
,`fec_ini` date
,`fec_fin` date
,`Num_Semana` int(2)
,`Mes` int(2)
,`Anio` int(4)
);

-- --------------------------------------------------------

--
-- Estructura de tabla para la tabla `reg_asigna`
--

CREATE TABLE `reg_asigna` (
  `id` int(11) NOT NULL,
  `fecha` date NOT NULL,
  `id_sem` int(11) NOT NULL,
  `id_asig` int(11) NOT NULL,
  `id_est` int(11) NOT NULL,
  `id_pub` int(11) NOT NULL,
  `tipo` int(11) NOT NULL,
  `id_ayu` int(11) NOT NULL,
  `coment` text COLLATE utf8_swedish_ci NOT NULL,
  `fecha_reg` datetime NOT NULL DEFAULT CURRENT_TIMESTAMP
) ENGINE=InnoDB DEFAULT CHARSET=utf8 COLLATE=utf8_swedish_ci;

--
-- Volcado de datos para la tabla `reg_asigna`
--

INSERT INTO `reg_asigna` (`id`, `fecha`, `id_sem`, `id_asig`, `id_est`, `id_pub`, `tipo`, `id_ayu`, `coment`, `fecha_reg`) VALUES
(1, '2017-09-06', 1, 3, 1, 51, 1, 77, '', '2018-04-15 00:00:00'),
(2, '2017-09-20', 3, 3, 5, 19, 1, 77, '', '2018-04-15 00:00:00'),
(3, '2017-09-20', 3, 9, 23, 6, 1, 32, '', '2018-04-15 00:00:00'),
(4, '2017-09-20', 3, 9, 23, 32, 0, 6, '', '2018-04-15 00:00:00'),
(5, '2017-09-20', 3, 10, 32, 68, 1, 70, '', '2018-04-15 00:00:00'),
(6, '2017-09-20', 3, 10, 32, 70, 0, 68, '', '2018-04-15 00:00:00'),
(7, '2017-09-20', 3, 11, 16, 61, 1, 77, '', '2018-04-15 00:00:00'),
(8, '2017-09-27', 4, 3, 11, 4, 1, 77, '', '2018-04-15 00:00:00'),
(9, '2017-09-27', 4, 9, 2, 44, 1, 31, '', '2018-04-15 00:00:00'),
(10, '2017-09-27', 4, 9, 2, 31, 0, 44, '', '2018-04-15 00:00:00'),
(11, '2017-09-27', 4, 10, 27, 21, 1, 50, '', '2018-04-15 00:00:00'),
(12, '2017-09-27', 4, 10, 27, 50, 0, 21, '', '2018-04-15 00:00:00'),
(13, '2017-09-27', 4, 6, 26, 49, 1, 57, '', '2018-04-15 00:00:00'),
(14, '2017-09-27', 4, 6, 26, 57, 0, 49, '', '2018-04-15 00:00:00'),
(15, '2017-10-04', 5, 3, 1, 65, 1, 77, '', '2018-04-15 00:00:00'),
(16, '2017-10-11', 6, 3, 3, 35, 1, 77, '', '2018-04-15 00:00:00'),
(17, '2017-10-11', 6, 9, 19, 75, 1, 72, '', '2018-04-15 00:00:00'),
(18, '2017-10-11', 6, 9, 19, 72, 0, 75, '', '2018-04-15 00:00:00'),
(19, '2017-10-11', 6, 10, 38, 32, 1, 2, '', '2018-04-15 00:00:00'),
(20, '2017-10-11', 6, 10, 38, 2, 0, 32, '', '2018-04-15 00:00:00'),
(21, '2017-10-11', 6, 11, 22, 62, 1, 77, '', '2018-04-15 00:00:00'),
(22, '2017-10-18', 7, 3, 6, 60, 1, 77, '', '2018-04-15 00:00:00'),
(23, '2017-10-18', 7, 9, 24, 73, 1, 12, '', '2018-04-15 00:00:00'),
(24, '2017-10-18', 7, 9, 24, 12, 0, 73, '', '2018-04-15 00:00:00'),
(25, '2017-10-18', 7, 10, 14, 42, 1, 15, '', '2018-04-15 00:00:00'),
(26, '2017-10-18', 7, 10, 14, 15, 0, 42, '', '2018-04-15 00:00:00'),
(27, '2017-10-18', 7, 6, 22, 8, 1, 7, '', '2018-04-15 00:00:00'),
(28, '2017-10-18', 7, 6, 22, 7, 0, 8, '', '2018-04-15 00:00:00'),
(29, '2017-10-25', 8, 3, 8, 64, 1, 77, '', '2018-04-15 00:00:00'),
(30, '2017-10-25', 8, 9, 17, 33, 1, 46, '', '2018-04-15 00:00:00'),
(31, '2017-10-25', 8, 9, 17, 46, 0, 33, '', '2018-04-15 00:00:00'),
(32, '2017-10-25', 8, 10, 41, 38, 1, 66, '', '2018-04-15 00:00:00'),
(33, '2017-10-25', 8, 10, 41, 66, 0, 38, '', '2018-04-15 00:00:00'),
(34, '2017-10-25', 8, 6, 37, 24, 1, 9, '', '2018-04-15 00:00:00'),
(35, '2017-10-25', 8, 6, 37, 9, 0, 24, '', '2018-04-15 00:00:00'),
(36, '2017-11-01', 9, 3, 5, 22, 1, 77, '', '2018-04-15 00:00:00'),
(37, '2017-11-01', 9, 9, 8, 14, 1, 49, '', '2018-04-15 00:00:00'),
(38, '2017-11-01', 9, 9, 8, 49, 0, 14, '', '2018-04-15 00:00:00'),
(39, '2017-11-01', 9, 10, 42, 21, 1, 3, '', '2018-04-15 00:00:00'),
(40, '2017-11-01', 9, 10, 42, 3, 0, 21, '', '2018-04-15 00:00:00'),
(41, '2017-11-01', 9, 6, 51, 3, 1, 28, '', '2018-04-15 00:00:00'),
(42, '2017-11-01', 9, 6, 51, 28, 0, 3, '', '2018-04-15 00:00:00'),
(43, '2017-11-08', 10, 1, 0, 34, 1, 77, '', '2018-04-15 00:00:00'),
(44, '2017-11-08', 10, 2, 0, 26, 1, 77, '', '2018-04-15 00:00:00'),
(45, '2017-11-08', 10, 3, 6, 51, 1, 77, '', '2018-04-15 00:00:00'),
(46, '2017-11-08', 10, 12, 0, 26, 1, 77, '', '2018-04-15 00:00:00'),
(47, '2017-11-15', 11, 1, 0, 65, 1, 77, '', '2018-04-15 00:00:00'),
(48, '2017-11-15', 11, 2, 0, 34, 1, 77, '', '2018-04-15 00:00:00'),
(49, '2017-11-15', 11, 3, 7, 55, 1, 77, '', '2018-04-15 00:00:00'),
(50, '2017-11-15', 11, 9, 14, 69, 1, 1, '', '2018-04-15 00:00:00'),
(51, '2017-11-15', 11, 9, 14, 1, 0, 69, '', '2018-04-15 00:00:00'),
(52, '2017-11-15', 11, 10, 34, 41, 1, 20, '', '2018-04-15 00:00:00'),
(53, '2017-11-15', 11, 10, 34, 20, 0, 41, '', '2018-04-15 00:00:00'),
(54, '2017-11-15', 11, 6, 50, 38, 1, 13, '', '2018-04-15 00:00:00'),
(55, '2017-11-15', 11, 6, 50, 13, 0, 38, '', '2018-04-15 00:00:00'),
(56, '2017-11-22', 12, 1, 0, 23, 1, 77, '', '2018-04-15 00:00:00'),
(57, '2017-11-22', 12, 2, 0, 65, 1, 77, '', '2018-04-15 00:00:00'),
(58, '2017-11-22', 12, 3, 12, 37, 1, 77, '', '2018-04-15 00:00:00'),
(59, '2017-11-22', 12, 9, 23, 45, 1, 56, '', '2018-04-15 00:00:00'),
(60, '2017-11-22', 12, 9, 23, 56, 0, 45, '', '2018-04-15 00:00:00'),
(61, '2017-11-22', 12, 10, 30, 43, 1, 52, '', '2018-04-15 00:00:00'),
(62, '2017-11-22', 12, 10, 30, 52, 0, 43, '', '2018-04-15 00:00:00'),
(63, '2017-11-22', 12, 6, 51, 22, 1, 4, '', '2018-04-15 00:00:00'),
(64, '2017-11-22', 12, 6, 51, 4, 0, 22, '', '2018-04-15 00:00:00'),
(65, '2017-11-29', 13, 1, 0, 54, 1, 77, '', '2018-04-15 00:00:00'),
(66, '2017-11-29', 13, 2, 0, 23, 1, 77, '', '2018-04-15 00:00:00'),
(67, '2017-11-29', 13, 3, 11, 17, 1, 77, '', '2018-04-15 00:00:00'),
(68, '2017-11-29', 13, 9, 48, 32, 1, 53, '', '2018-04-15 00:00:00'),
(69, '2017-11-29', 13, 9, 48, 53, 0, 32, '', '2018-04-15 00:00:00'),
(70, '2017-11-29', 13, 10, 40, 11, 1, 6, '', '2018-04-15 00:00:00'),
(71, '2017-11-29', 13, 10, 40, 6, 0, 11, '', '2018-04-15 00:00:00'),
(72, '2017-11-29', 13, 11, 40, 40, 1, 77, '', '2018-04-15 00:00:00'),
(73, '2017-12-06', 14, 1, 0, 23, 1, 77, '', '2018-04-15 00:00:00'),
(74, '2017-12-06', 14, 2, 0, 34, 1, 77, '', '2018-04-15 00:00:00'),
(75, '2017-12-06', 14, 3, 6, 30, 1, 77, '', '2018-04-15 00:00:00'),
(76, '2017-12-06', 14, 12, 0, 34, 1, 77, '', '2018-04-15 00:00:00'),
(77, '2017-12-13', 15, 1, 0, 54, 1, 77, '', '2018-04-15 00:00:00'),
(78, '2017-12-13', 15, 2, 0, 65, 1, 77, '', '2018-04-15 00:00:00'),
(79, '2017-12-13', 15, 3, 8, 59, 1, 77, '', '2018-04-15 00:00:00'),
(80, '2017-12-13', 15, 9, 7, 68, 1, 71, '', '2018-04-15 00:00:00'),
(81, '2017-12-13', 15, 9, 7, 71, 0, 68, '', '2018-04-15 00:00:00'),
(82, '2017-12-13', 15, 10, 44, 33, 1, 74, '', '2018-04-15 00:00:00'),
(83, '2017-12-13', 15, 10, 44, 74, 0, 33, '', '2018-04-15 00:00:00'),
(84, '2017-12-13', 15, 6, 22, 50, 1, 57, '', '2018-04-15 00:00:00'),
(85, '2017-12-13', 15, 6, 22, 57, 0, 50, '', '2018-04-15 00:00:00'),
(86, '2017-12-20', 16, 1, 0, 76, 1, 76, '', '2018-04-15 00:00:00'),
(87, '2017-12-20', 16, 1, 0, 76, 0, 76, '', '2018-04-15 00:00:00'),
(88, '2017-12-20', 16, 2, 0, 76, 1, 76, '', '2018-04-15 00:00:00'),
(89, '2017-12-20', 16, 2, 0, 76, 0, 76, '', '2018-04-15 00:00:00'),
(90, '2017-12-20', 16, 3, 0, 76, 1, 76, '', '2018-04-15 00:00:00'),
(91, '2017-12-20', 16, 3, 0, 76, 0, 76, '', '2018-04-15 00:00:00'),
(92, '2017-12-20', 16, 9, 0, 76, 1, 76, '', '2018-04-15 00:00:00'),
(93, '2017-12-20', 16, 9, 0, 76, 0, 76, '', '2018-04-15 00:00:00'),
(94, '2017-12-20', 16, 10, 0, 76, 1, 76, '', '2018-04-15 00:00:00'),
(95, '2017-12-20', 16, 10, 0, 76, 0, 76, '', '2018-04-15 00:00:00'),
(96, '2017-12-20', 16, 6, 0, 76, 1, 76, '', '2018-04-15 00:00:00'),
(97, '2017-12-20', 16, 6, 0, 76, 0, 76, '', '2018-04-15 00:00:00'),
(98, '2017-12-27', 17, 1, 0, 26, 1, 77, '', '2018-04-15 00:00:00'),
(99, '2017-12-27', 17, 2, 0, 76, 1, 77, '', '2018-04-15 00:00:00'),
(100, '2017-12-27', 17, 3, 13, 67, 1, 77, '', '2018-04-15 00:00:00'),
(101, '2017-12-27', 17, 9, 17, 16, 1, 27, '', '2018-04-15 00:00:00'),
(102, '2017-12-27', 17, 9, 17, 27, 0, 16, '', '2018-04-15 00:00:00'),
(103, '2017-12-27', 17, 10, 48, 44, 1, 66, '', '2018-04-15 00:00:00'),
(104, '2017-12-27', 17, 10, 48, 66, 0, 44, '', '2018-04-15 00:00:00'),
(105, '2017-12-27', 17, 11, 45, 39, 1, 77, '', '2018-04-15 00:00:00'),
(106, '2018-01-03', 18, 1, 0, 23, 1, 77, '', '2018-04-15 00:00:00'),
(107, '2018-01-03', 18, 2, 0, 34, 1, 77, '', '2018-04-15 00:00:00'),
(108, '2018-01-03', 18, 3, 2, 64, 1, 77, '', '2018-04-15 00:00:00'),
(109, '2018-01-03', 18, 9, 8, 76, 1, 77, '', '2018-04-15 00:00:00'),
(110, '2018-01-03', 18, 10, 27, 49, 1, 3, '', '2018-04-15 00:00:00'),
(111, '2018-01-03', 18, 10, 27, 3, 0, 49, '', '2018-04-15 00:00:00'),
(112, '2018-01-03', 18, 6, 10, 37, 1, 17, '', '2018-04-15 00:00:00'),
(113, '2018-01-03', 18, 6, 10, 17, 0, 37, '', '2018-04-15 00:00:00'),
(114, '2018-01-10', 19, 1, 0, 54, 1, 77, '', '2018-04-15 00:00:00'),
(115, '2018-01-10', 19, 2, 0, 65, 1, 77, '', '2018-04-15 00:00:00'),
(116, '2018-01-10', 19, 3, 3, 35, 1, 77, '', '2018-04-15 00:00:00'),
(117, '2018-01-10', 19, 9, 19, 8, 1, 46, '', '2018-04-15 00:00:00'),
(118, '2018-01-10', 19, 9, 19, 46, 0, 8, '', '2018-04-15 00:00:00'),
(119, '2018-01-10', 19, 10, 32, 76, 1, 77, '', '2018-04-15 00:00:00'),
(120, '2018-01-10', 19, 11, 41, 5, 1, 77, '', '2018-04-15 00:00:00'),
(121, '2018-01-17', 20, 1, 0, 65, 1, 77, '', '2018-04-15 00:00:00'),
(122, '2018-01-17', 20, 2, 0, 54, 1, 77, '', '2018-04-15 00:00:00'),
(123, '2018-01-17', 20, 3, 5, 62, 1, 77, '', '2018-04-15 00:00:00'),
(124, '2018-01-17', 20, 9, 14, 53, 1, 1, '', '2018-04-15 00:00:00'),
(125, '2018-01-17', 20, 9, 14, 1, 0, 53, '', '2018-04-15 00:00:00'),
(126, '2018-01-17', 20, 10, 40, 15, 1, 36, '', '2018-04-15 00:00:00'),
(127, '2018-01-17', 20, 10, 40, 36, 0, 15, '', '2018-04-15 00:00:00'),
(128, '2018-01-17', 20, 13, 50, 76, 1, 77, '', '2018-04-15 00:00:00'),
(129, '2018-01-24', 21, 14, 0, 23, 1, 77, '', '2018-04-15 00:00:00'),
(130, '2018-01-24', 21, 1, 0, 34, 1, 77, '', '2018-04-15 00:00:00'),
(131, '2018-01-24', 21, 2, 0, 65, 1, 77, '', '2018-04-15 00:00:00'),
(132, '2018-01-24', 21, 15, 0, 23, 1, 77, '', '2018-04-15 00:00:00'),
(133, '2018-01-24', 21, 3, 16, 19, 1, 77, '', '2018-04-15 00:00:00'),
(134, '2018-01-24', 21, 9, 10, 75, 1, 32, '', '2018-04-15 00:00:00'),
(135, '2018-01-24', 21, 9, 10, 32, 0, 75, '', '2018-04-15 00:00:00'),
(136, '2018-01-24', 21, 10, 21, 72, 1, 2, '', '2018-04-15 00:00:00'),
(137, '2018-01-24', 21, 10, 21, 2, 0, 72, '', '2018-04-15 00:00:00'),
(138, '2018-01-24', 21, 6, 36, 25, 1, 21, '', '2018-04-15 00:00:00'),
(139, '2018-01-24', 21, 6, 36, 21, 0, 25, '', '2018-04-15 00:00:00'),
(140, '2018-01-24', 21, 16, 0, 26, 1, 77, '', '2018-04-15 00:00:00'),
(141, '2018-01-31', 22, 1, 0, 54, 1, 77, '', '2018-04-15 00:00:00'),
(142, '2018-01-31', 22, 2, 0, 26, 1, 77, '', '2018-04-15 00:00:00'),
(143, '2018-01-31', 22, 3, 12, 34, 1, 77, '', '2018-04-15 00:00:00'),
(144, '2018-01-31', 22, 9, 26, 56, 1, 41, '', '2018-04-15 00:00:00'),
(145, '2018-01-31', 22, 9, 26, 41, 0, 56, '', '2018-04-15 00:00:00'),
(146, '2018-01-31', 22, 10, 44, 12, 1, 18, '', '2018-04-15 00:00:00'),
(147, '2018-01-31', 22, 10, 44, 18, 0, 12, '', '2018-04-15 00:00:00'),
(148, '2018-01-31', 22, 6, 48, 55, 1, 30, '', '2018-04-15 00:00:00'),
(149, '2018-01-31', 22, 6, 48, 30, 0, 55, '', '2018-04-15 00:00:00'),
(150, '2018-02-07', 23, 1, 0, 34, 1, 77, '', '2018-04-15 00:00:00'),
(151, '2018-02-07', 23, 2, 0, 23, 1, 77, '', '2018-04-15 00:00:00'),
(152, '2018-02-07', 23, 3, 13, 60, 1, 77, '', '2018-04-15 00:00:00'),
(153, '2018-02-07', 23, 4, 0, 76, 1, 77, '', '2018-04-15 00:00:00'),
(154, '2018-02-07', 23, 5, 18, 6, 1, 74, 'Ang?lica pas? con la hermana Delfina ', '2018-04-15 00:00:00'),
(155, '2018-02-07', 23, 5, 18, 74, 0, 6, 'Ang?lica pas? con la hermana Delfina ', '2018-04-15 00:00:00'),
(156, '2018-02-07', 23, 6, 45, 25, 1, 7, '', '2018-04-15 00:00:00'),
(157, '2018-02-07', 23, 6, 45, 7, 0, 25, '', '2018-04-15 00:00:00'),
(158, '2018-02-14', 24, 2, 0, 54, 1, 77, '', '2018-04-15 00:00:00'),
(159, '2018-02-14', 24, 1, 0, 65, 1, 77, '', '2018-04-15 00:00:00'),
(160, '2018-02-14', 24, 3, 10, 9, 1, 77, '', '2018-04-15 00:00:00'),
(161, '2018-02-14', 24, 9, 29, 43, 1, 31, '', '2018-04-15 00:00:00'),
(162, '2018-02-14', 24, 9, 29, 31, 0, 43, '', '2018-04-15 00:00:00'),
(163, '2018-02-14', 24, 17, 0, 76, 1, 77, '', '2018-04-15 00:00:00'),
(164, '2018-02-14', 24, 11, 32, 17, 1, 77, '', '2018-04-15 00:00:00'),
(165, '2018-02-21', 25, 2, 0, 65, 1, 77, '', '2018-04-15 00:00:00'),
(166, '2018-02-21', 25, 1, 0, 54, 1, 77, '', '2018-04-15 00:00:00'),
(167, '2018-02-21', 25, 3, 3, 59, 1, 77, '', '2018-04-15 00:00:00'),
(168, '2018-02-21', 25, 9, 33, 32, 1, 10, '', '2018-04-15 00:00:00'),
(169, '2018-02-21', 25, 9, 33, 10, 0, 32, '', '2018-04-15 00:00:00'),
(170, '2018-02-21', 25, 5, 36, 1, 1, 73, '', '2018-04-15 00:00:00'),
(171, '2018-02-21', 25, 5, 36, 73, 0, 1, '', '2018-04-15 00:00:00'),
(172, '2018-02-21', 25, 13, 0, 76, 1, 77, '', '2018-04-15 00:00:00'),
(173, '2018-02-28', 26, 2, 0, 34, 1, 77, '', '2018-04-15 00:00:00'),
(174, '2018-02-28', 26, 1, 0, 26, 1, 77, '', '2018-04-15 00:00:00'),
(175, '2018-02-28', 26, 3, 11, 67, 1, 77, '', '2018-04-15 00:00:00'),
(176, '2018-02-28', 26, 7, 37, 68, 1, 28, '', '2018-04-15 00:00:00'),
(177, '2018-02-28', 26, 7, 37, 28, 0, 68, '', '2018-04-15 00:00:00'),
(178, '2018-02-28', 26, 8, 26, 42, 1, 69, '', '2018-04-15 00:00:00'),
(179, '2018-02-28', 26, 8, 26, 69, 0, 42, '', '2018-04-15 00:00:00'),
(180, '2018-02-28', 26, 6, 50, 62, 1, 61, '', '2018-04-15 00:00:00'),
(181, '2018-02-28', 26, 6, 50, 61, 0, 62, '', '2018-04-15 00:00:00'),
(182, '2018-02-28', 26, 1, 0, 34, 1, 77, '', '2018-04-15 00:00:00'),
(183, '2018-03-07', 27, 2, 0, 23, 1, 77, '', '2018-04-15 00:00:00'),
(184, '2018-03-07', 27, 1, 0, 34, 1, 77, '', '2018-04-15 00:00:00'),
(185, '2018-03-07', 27, 3, 9, 48, 1, 77, '', '2018-04-15 00:00:00'),
(186, '2018-03-07', 27, 4, 0, 76, 1, 77, '', '2018-04-15 00:00:00'),
(187, '2018-03-07', 27, 5, 44, 3, 1, 13, '', '2018-04-15 00:00:00'),
(188, '2018-03-07', 27, 5, 44, 13, 0, 3, '', '2018-04-15 00:00:00'),
(189, '2018-03-07', 27, 6, 50, 24, 1, 60, '', '2018-04-15 00:00:00'),
(190, '2018-03-07', 27, 6, 50, 60, 0, 24, '', '2018-04-15 00:00:00'),
(191, '2018-03-14', 28, 2, 0, 54, 1, 77, '', '2018-04-15 00:00:00'),
(192, '2018-03-14', 28, 1, 0, 65, 1, 77, '', '2018-04-15 00:00:00'),
(193, '2018-03-14', 28, 3, 10, 64, 1, 77, '', '2018-04-15 00:00:00'),
(194, '2018-03-14', 28, 9, 30, 49, 1, 36, 'Mary dijo que ten?a asignada la lecci?n 33 ', '2018-04-15 00:00:00'),
(195, '2018-03-14', 28, 9, 30, 36, 0, 49, 'Mary dijo que ten?a asignada la lecci?n 33 ', '2018-04-15 00:00:00'),
(196, '2018-03-14', 28, 17, 0, 76, 1, 77, '', '2018-04-15 00:00:00'),
(197, '2018-03-14', 28, 6, 33, 38, 1, 58, 'Estaba trabajando el la lecci?n 34', '2018-04-15 00:00:00'),
(198, '2018-03-14', 28, 6, 33, 58, 0, 38, 'Estaba trabajando el la lecci?n 34', '2018-04-15 00:00:00'),
(199, '2018-03-21', 29, 2, 0, 65, 1, 77, '', '2018-04-15 00:00:00'),
(200, '2018-03-21', 29, 1, 0, 54, 1, 77, '', '2018-04-15 00:00:00'),
(201, '2018-03-21', 29, 3, 14, 37, 1, 77, '', '2018-04-15 00:00:00'),
(202, '2018-03-21', 29, 9, 12, 33, 1, 29, '', '2018-04-15 00:00:00'),
(203, '2018-03-21', 29, 9, 12, 29, 0, 33, '', '2018-04-15 00:00:00'),
(204, '2018-03-21', 29, 5, 11, 11, 1, 18, '', '2018-04-15 00:00:00'),
(205, '2018-03-21', 29, 5, 11, 18, 0, 11, '', '2018-04-15 00:00:00'),
(206, '2018-03-21', 29, 13, 0, 76, 1, 77, '', '2018-04-15 00:00:00'),
(207, '2018-03-28', 30, 2, 0, 34, 1, 77, '', '2018-04-15 00:00:00'),
(208, '2018-03-28', 30, 1, 0, 26, 1, 77, '', '2018-04-15 00:00:00'),
(209, '2018-03-28', 30, 3, 11, 17, 1, 77, '', '2018-04-15 00:00:00'),
(210, '2018-03-28', 30, 7, 45, 44, 1, 53, '', '2018-04-15 00:00:00'),
(211, '2018-03-28', 30, 7, 45, 53, 0, 44, '', '2018-04-15 00:00:00'),
(212, '2018-03-28', 30, 8, 20, 50, 1, 66, 'si esta bien ', '2018-04-15 00:00:00'),
(213, '2018-03-28', 30, 8, 20, 66, 0, 50, 'si esta bien ', '2018-04-15 00:00:00'),
(214, '2018-03-28', 30, 11, 46, 4, 1, 77, '', '2018-04-15 00:00:00'),
(215, '2018-04-04', 31, 1, 0, 34, 1, 77, '', '2018-04-15 00:00:00'),
(216, '2018-04-04', 31, 2, 0, 23, 1, 77, '', '2018-04-15 00:00:00'),
(217, '2018-04-04', 31, 3, 2, 63, 1, 77, '', '2018-04-15 00:00:00'),
(218, '2018-04-04', 31, 4, 0, 76, 1, 77, '', '2018-04-15 00:00:00'),
(219, '2018-04-04', 31, 5, 29, 6, 1, 15, '', '2018-04-15 00:00:00'),
(220, '2018-04-04', 31, 5, 29, 15, 0, 6, '', '2018-04-15 00:00:00'),
(221, '2018-04-04', 31, 6, 28, 57, 1, 13, '', '2018-04-15 00:00:00'),
(222, '2018-04-04', 31, 6, 28, 13, 0, 57, '', '2018-04-15 00:00:00'),
(223, '2018-04-11', 32, 2, 0, 54, 1, 77, '', '2018-04-15 00:00:00'),
(224, '2018-04-11', 32, 1, 0, 65, 1, 77, '', '2018-04-15 00:00:00'),
(225, '2018-04-11', 32, 3, 11, 48, 1, 77, '', '2018-04-15 00:00:00'),
(226, '2018-04-11', 32, 9, 32, 8, 1, 14, '', '2018-04-15 00:00:00'),
(227, '2018-04-11', 32, 9, 32, 14, 0, 8, '', '2018-04-15 00:00:00'),
(228, '2018-04-11', 32, 17, 0, 76, 1, 77, '', '2018-04-15 00:00:00'),
(229, '2018-04-11', 32, 11, 48, 55, 1, 77, '', '2018-04-15 00:00:00'),
(230, '2018-04-18', 33, 2, 0, 65, 1, 77, '', '2018-04-15 00:00:00'),
(231, '2018-04-18', 33, 1, 0, 54, 1, 77, '', '2018-04-15 00:00:00'),
(232, '2018-04-18', 33, 3, 7, 19, 1, 77, '', '2018-04-15 00:00:00'),
(233, '2018-04-18', 33, 9, 19, 70, 1, 25, '', '2018-04-15 00:00:00'),
(234, '2018-04-18', 33, 9, 19, 25, 0, 70, '', '2018-04-15 00:00:00'),
(235, '2018-04-18', 33, 5, 28, 2, 1, 72, '', '2018-04-15 00:00:00'),
(236, '2018-04-18', 33, 5, 28, 72, 0, 2, '', '2018-04-15 00:00:00'),
(237, '2018-04-18', 33, 13, 0, 76, 1, 77, '', '2018-04-15 00:00:00'),
(238, '2018-04-25', 34, 2, 0, 34, 1, 77, '', '2018-04-15 00:00:00'),
(239, '2018-04-25', 34, 1, 0, 26, 1, 77, '', '2018-04-15 00:00:00'),
(240, '2018-04-25', 34, 3, 10, 23, 1, 77, '', '2018-04-15 00:00:00'),
(241, '2018-04-25', 34, 7, 34, 40, 1, 39, '', '2018-04-15 00:00:00'),
(242, '2018-04-25', 34, 7, 34, 39, 0, 40, '', '2018-04-15 00:00:00'),
(243, '2018-04-25', 34, 8, 20, 30, 1, 5, '', '2018-04-15 00:00:00'),
(244, '2018-04-25', 34, 8, 20, 5, 0, 30, '', '2018-04-15 00:00:00'),
(245, '2018-04-25', 34, 6, 50, 12, 1, 47, '', '2018-04-15 00:00:00'),
(246, '2018-04-25', 34, 6, 50, 47, 0, 12, '', '2018-04-15 00:00:00'),
(247, '2018-05-02', 35, 2, 0, 26, 1, 77, '', '2018-04-15 00:00:00'),
(248, '2018-05-02', 35, 1, 0, 23, 1, 77, '', '2018-04-15 00:00:00'),
(249, '2018-05-02', 35, 3, 6, 22, 1, 77, '', '2018-04-15 00:00:00'),
(250, '2018-05-02', 35, 7, 44, 21, 1, 10, '', '2018-04-15 00:00:00'),
(251, '2018-05-02', 35, 7, 44, 10, 0, 21, '', '2018-04-15 00:00:00'),
(252, '2018-05-02', 35, 8, 22, 61, 1, 56, '', '2018-04-15 00:00:00'),
(253, '2018-05-02', 35, 8, 22, 56, 0, 61, '', '2018-04-15 00:00:00'),
(254, '2018-05-02', 35, 6, 32, 45, 1, 1, '', '2018-04-15 00:00:00'),
(255, '2018-05-02', 35, 6, 32, 1, 0, 45, '', '2018-04-15 00:00:00');

-- --------------------------------------------------------

--
-- Estructura de tabla para la tabla `sys_login`
--

CREATE TABLE `sys_login` (
  `id` int(11) NOT NULL,
  `user` varchar(12) COLLATE utf8_swedish_ci NOT NULL,
  `pass` varchar(12) COLLATE utf8_swedish_ci NOT NULL,
  `fecha` datetime NOT NULL DEFAULT CURRENT_TIMESTAMP
) ENGINE=InnoDB DEFAULT CHARSET=utf8 COLLATE=utf8_swedish_ci;

--
-- Volcado de datos para la tabla `sys_login`
--

INSERT INTO `sys_login` (`id`, `user`, `pass`, `fecha`) VALUES
(1, 'jazdian', '123', '2018-04-15 12:21:11'),
(2, 'jasdian', '123', '2018-04-15 12:21:16');

-- --------------------------------------------------------

--
-- Estructura para la vista `cat_sem_view`
--
DROP TABLE IF EXISTS `cat_sem_view`;

CREATE ALGORITHM=UNDEFINED DEFINER=`root`@`localhost` SQL SECURITY DEFINER VIEW `cat_sem_view`  AS  select `cat_sem`.`id` AS `id`,concat(year(`cat_sem`.`fec_ini`),week(`cat_sem`.`fec_ini`,3)) AS `id_sem`,`cat_sem`.`semana` AS `semana`,`cat_sem`.`fec_ini` AS `fec_ini`,`cat_sem`.`fec_fin` AS `fec_fin`,week(`cat_sem`.`fec_ini`,3) AS `Num_Semana`,month(`cat_sem`.`fec_ini`) AS `Mes`,year(`cat_sem`.`fec_ini`) AS `Anio` from `cat_sem` where 1 ;

--
-- Índices para tablas volcadas
--

--
-- Indices de la tabla `cat_asig`
--
ALTER TABLE `cat_asig`
  ADD PRIMARY KEY (`id`);

--
-- Indices de la tabla `cat_estudi`
--
ALTER TABLE `cat_estudi`
  ADD PRIMARY KEY (`id`);

--
-- Indices de la tabla `cat_pubs`
--
ALTER TABLE `cat_pubs`
  ADD PRIMARY KEY (`id`);

--
-- Indices de la tabla `cat_sem`
--
ALTER TABLE `cat_sem`
  ADD PRIMARY KEY (`id`);

--
-- Indices de la tabla `reg_asigna`
--
ALTER TABLE `reg_asigna`
  ADD PRIMARY KEY (`id`);

--
-- Indices de la tabla `sys_login`
--
ALTER TABLE `sys_login`
  ADD PRIMARY KEY (`id`);

--
-- AUTO_INCREMENT de las tablas volcadas
--

--
-- AUTO_INCREMENT de la tabla `cat_asig`
--
ALTER TABLE `cat_asig`
  MODIFY `id` int(11) NOT NULL AUTO_INCREMENT, AUTO_INCREMENT=18;

--
-- AUTO_INCREMENT de la tabla `cat_estudi`
--
ALTER TABLE `cat_estudi`
  MODIFY `id` int(11) NOT NULL AUTO_INCREMENT, AUTO_INCREMENT=54;

--
-- AUTO_INCREMENT de la tabla `cat_pubs`
--
ALTER TABLE `cat_pubs`
  MODIFY `id` int(11) NOT NULL AUTO_INCREMENT, AUTO_INCREMENT=76;

--
-- AUTO_INCREMENT de la tabla `cat_sem`
--
ALTER TABLE `cat_sem`
  MODIFY `id` int(11) NOT NULL AUTO_INCREMENT, AUTO_INCREMENT=175;

--
-- AUTO_INCREMENT de la tabla `reg_asigna`
--
ALTER TABLE `reg_asigna`
  MODIFY `id` int(11) NOT NULL AUTO_INCREMENT, AUTO_INCREMENT=256;

--
-- AUTO_INCREMENT de la tabla `sys_login`
--
ALTER TABLE `sys_login`
  MODIFY `id` int(11) NOT NULL AUTO_INCREMENT, AUTO_INCREMENT=3;
COMMIT;

/*!40101 SET CHARACTER_SET_CLIENT=@OLD_CHARACTER_SET_CLIENT */;
/*!40101 SET CHARACTER_SET_RESULTS=@OLD_CHARACTER_SET_RESULTS */;
/*!40101 SET COLLATION_CONNECTION=@OLD_COLLATION_CONNECTION */;
